,City,Cloudiness,Country,Date,Humidity,Lat,Lon,Max Temp,Wind Speed
0,hilo,90,US,1575507863,73,19.71,-155.08,75.2,6.93
1,jamestown,0,AU,1575507909,10,-33.21,138.6,78.76,11.54
2,sao filipe,93,CV,1575507909,84,14.9,-24.5,69.84,18.43
3,oriximina,12,BR,1575507909,61,-1.77,-55.87,84.58,3.8
4,aklavik,75,CA,1575507909,75,68.22,-135.01,-11.2,5.82
5,kavieng,48,PG,1575507909,69,-2.57,150.8,83.5,2.91
6,rikitea,86,PF,1575507909,74,-23.12,-134.97,79.47,2.35
7,bredasdorp,1,ZA,1575507909,59,-34.53,20.04,64.4,13.87
8,kadirli,99,TR,1575507910,81,37.37,36.09,51.73,2.77
9,faanui,60,PF,1575507910,72,-16.48,-151.75,82.76,10.04
10,vaini,53,IN,1575507910,88,15.34,74.49,66.2,10.45
11,ushuaia,75,AR,1575507761,65,-54.81,-68.31,50.0,27.51
12,buala,73,SB,1575507910,72,-8.15,159.59,84.72,9.69
13,malaba,89,UG,1575507910,90,0.64,34.26,62.8,1.25
14,albany,90,US,1575507910,74,42.65,-73.75,34.0,4.7
15,kaitangata,47,NZ,1575507911,63,-46.28,169.85,56.75,14.16
16,manggar,76,ID,1575507911,74,-2.88,108.27,83.41,9.08
17,port-gentil,87,GA,1575507911,82,-0.72,8.78,80.51,12.44
18,dengfeng,64,CN,1575507911,35,34.46,113.03,35.69,5.32
19,chokurdakh,100,RU,1575507911,93,70.62,147.9,-11.34,12.19
20,manyana,0,AU,1575507911,9,-35.26,150.51,86.0,29.97
21,huron,1,US,1575507912,86,44.36,-98.21,33.8,4.45
22,chicama,18,PE,1575507915,82,-7.84,-79.15,68.0,8.05
23,busselton,0,AU,1575507915,23,-33.64,115.35,84.0,8.79
24,laguna,90,BZ,1575507915,100,16.17,-88.94,73.4,3.38
25,provideniya,75,RU,1575507915,62,64.42,-173.23,19.4,24.61
26,new norfolk,75,AU,1575507915,37,-42.78,147.06,66.2,26.4
27,mataura,100,NZ,1575507915,50,-46.19,168.86,58.75,14.61
28,pimenteiras,51,BR,1575507915,83,-6.24,-41.42,73.81,2.33
29,alpinopolis,77,BR,1575507915,97,-20.86,-46.39,67.19,8.14
30,port hedland,42,AU,1575507915,66,-20.31,118.58,89.6,11.41
31,dikson,100,RU,1575507915,96,73.51,80.55,-5.91,9.82
32,deputatskiy,98,RU,1575507916,99,69.3,139.9,-19.71,1.97
33,carballo,40,ES,1575507916,93,43.21,-8.69,50.0,4.34
34,litovko,90,RU,1575507916,90,49.24,135.18,-5.49,8.9
35,hasaki,75,JP,1575507916,65,35.73,140.83,50.0,2.24
36,hithadhoo,100,MV,1575507916,79,-0.6,73.08,82.56,8.39
37,kahului,40,US,1575507916,69,20.89,-156.47,79.0,16.11
38,ormara,100,PK,1575507916,45,25.21,64.64,77.43,6.49
39,punta arenas,20,CL,1575507916,70,-53.16,-70.91,48.2,34.45
40,klaksvik,100,FO,1575507917,69,62.23,-6.59,37.4,24.16
41,mar del plata,88,AR,1575507758,38,-46.43,-67.52,68.0,7.72
42,kapaa,90,US,1575507917,74,22.08,-159.32,78.8,7.56
43,kamaishi,90,JP,1575507917,92,39.28,141.86,30.2,9.17
44,atuona,14,PF,1575507917,63,-9.8,-139.03,80.6,10.04
45,atambua,91,ID,1575507917,68,-9.11,124.89,82.72,2.64
46,mega,66,ET,1575507917,79,4.06,38.32,65.39,4.65
47,narsaq,95,GL,1575507917,33,60.91,-46.05,15.8,5.82
48,tuatapere,98,NZ,1575507918,91,-46.13,167.69,48.42,3.49
49,ippy,92,CF,1575507918,39,6.26,21.2,71.65,4.16
50,puerto ayora,20,EC,1575507918,69,-0.74,-90.35,75.2,14.99
51,cape town,0,ZA,1575507821,55,-33.93,18.42,64.0,8.05
52,farafangana,49,MG,1575507919,82,-22.82,47.83,79.05,5.37
53,butaritari,68,KI,1575507919,72,3.07,172.79,85.08,9.24
54,rantepao,100,ID,1575507919,79,-2.97,119.9,73.94,0.94
55,curup,75,ID,1575507919,96,-3.47,102.53,68.07,3.76
56,yulara,0,AU,1575507920,7,-25.24,130.99,91.4,13.87
57,salalah,75,OM,1575507920,51,17.01,54.1,80.6,17.22
58,coari,50,BR,1575507920,81,-4.09,-63.14,78.71,2.82
59,weligama,100,LK,1575507920,92,5.97,80.42,74.41,4.83
60,labuhan,99,ID,1575507920,81,-2.54,115.51,79.43,0.74
61,puerto ayacucho,100,CO,1575507921,70,5.66,-67.63,84.2,6.93
62,bhatapara,49,IN,1575507921,67,21.77,81.81,60.8,5.82
63,hermanus,0,ZA,1575507921,74,-34.42,19.24,61.0,14.0
64,barrow,88,AR,1575507921,75,-38.31,-60.23,50.86,9.64
65,qaanaaq,0,GL,1575507942,73,77.48,-69.36,-4.58,4.7
66,lagoa,61,PT,1575507935,87,37.14,-8.45,48.99,5.82
67,tasiilaq,0,GL,1575507943,57,65.61,-37.64,21.2,9.17
68,cerkezkoy,40,TR,1575507946,93,41.28,28.0,48.99,10.29
69,grindavik,75,IS,1575507949,80,63.84,-22.43,35.6,23.04
70,aanekoski,90,FI,1575507949,93,62.6,25.73,36.0,10.29
71,souillac,95,FR,1575507949,86,45.6,-0.6,41.0,2.24
72,ponta do sol,91,BR,1575507950,97,-20.63,-46.0,67.73,7.23
73,cidreira,38,BR,1575507950,89,-30.17,-50.22,71.2,15.79
74,bluff,0,AU,1575507950,41,-23.58,149.07,88.36,6.17
75,kloulklubed,75,PW,1575507950,74,7.04,134.26,84.2,4.7
76,dunedin,57,NZ,1575507950,70,-45.87,170.5,54.25,12.41
77,port lincoln,0,AU,1575507953,40,-34.72,135.86,72.64,8.37
78,airai,91,TL,1575507956,50,-8.93,125.41,80.33,1.21
79,lebu,89,ET,1575507957,94,8.96,38.73,51.28,1.68
80,kushiro,20,JP,1575507960,49,43.11,144.15,26.6,9.17
81,esperance,90,AU,1575507960,77,-33.86,121.89,62.6,10.29
82,aguimes,75,ES,1575507960,68,27.91,-15.45,66.0,4.7
83,bambous virieux,20,MU,1575507960,88,-20.34,57.76,75.0,3.36
84,vardo,90,US,1575507960,56,39.62,-77.74,42.8,9.17
85,gat,100,SN,1575507960,83,14.69,-16.54,73.4,13.87
86,lavrentiya,83,RU,1575507960,79,65.58,-170.99,14.22,16.22
87,ilulissat,17,GL,1575507961,72,69.22,-51.1,10.4,18.34
88,victoria,75,BN,1575507961,88,5.28,115.24,78.8,10.67
89,valleyview,86,CA,1575507961,96,55.07,-117.28,17.53,2.26
90,bozoum,0,CF,1575507961,39,6.31,16.38,69.35,2.19
91,nyanza,40,RW,1575507964,100,-2.35,29.75,62.6,2.28
92,carnarvon,0,ZA,1575507964,46,-30.97,22.13,51.8,18.43
93,haapiti,20,PF,1575507964,62,-17.57,-149.87,87.8,11.41
94,castro,92,CL,1575507965,76,-42.48,-73.76,53.6,10.29
95,innsbruck,0,AT,1575507965,92,47.27,11.39,32.0,1.12
96,port elizabeth,90,US,1575507965,86,39.31,-74.98,43.0,7.34
97,tubuala,40,PA,1575507965,88,9.52,-79.03,78.8,11.41
98,hobart,75,AU,1575507965,37,-42.88,147.33,66.2,26.4
99,fairview,90,CA,1575507708,72,56.07,-118.38,14.0,3.36
100,avarua,0,CK,1575507965,78,-21.21,-159.78,80.6,14.99
101,severo-kurilsk,48,RU,1575507966,85,50.68,156.12,23.56,5.7
102,arraial do cabo,60,BR,1575507966,84,-22.97,-42.02,73.72,29.57
103,boguchany,0,RU,1575507966,94,58.38,97.46,0.19,4.47
104,georgetown,20,GY,1575507678,78,6.8,-58.16,82.4,9.17
105,mishan,22,CN,1575507966,77,45.55,131.88,-2.6,15.9
106,sosva,100,RU,1575507966,96,59.17,61.86,12.2,5.1
107,torbay,90,CA,1575507966,86,47.66,-52.73,41.0,27.51
108,puerto escondido,40,MX,1575507967,74,15.86,-97.07,82.4,0.98
109,college,90,US,1575507967,77,64.86,-147.8,-2.2,1.5
110,evensk,100,RU,1575507967,82,61.92,159.24,10.65,20.04
111,riyadh,0,SA,1575507967,62,24.63,46.72,55.4,3.36
112,yellowknife,75,CA,1575507939,74,62.45,-114.38,-25.6,6.93
113,tuktoyaktuk,75,CA,1575507967,83,69.44,-133.03,-5.8,23.04
114,norsup,40,VU,1575507967,70,-16.07,167.38,86.0,5.82
115,touros,100,BR,1575507967,78,-5.2,-35.46,78.8,6.93
116,husavik,47,CA,1575507968,95,50.56,-96.99,23.77,4.09
117,chuy,99,UY,1575507838,81,-33.69,-53.46,64.6,7.74
118,talnakh,75,RU,1575507968,77,69.49,88.39,1.4,15.66
119,muzhi,100,RU,1575507968,96,65.4,64.7,5.88,2.8
120,bilma,19,NE,1575507968,19,18.69,12.92,66.42,7.38
121,bilibino,100,RU,1575507969,89,68.06,166.44,-7.28,8.34
122,gurlan,90,UZ,1575507969,86,41.84,60.39,41.0,9.17
123,maniitsoq,89,GL,1575507969,76,65.42,-52.9,16.05,17.63
124,port alfred,71,ZA,1575507969,78,-33.59,26.89,62.01,5.01
125,longonjo,100,AO,1575507969,99,-12.91,15.25,59.85,3.13
126,san nicolas,40,PH,1575507969,83,13.93,120.95,84.0,4.7
127,calamar,35,CO,1575507969,85,1.96,-72.65,76.05,1.66
128,coihaique,40,CL,1575507969,58,-45.58,-72.07,57.2,3.36
129,lyubytino,100,RU,1575507970,96,58.81,33.39,35.47,10.25
130,basco,1,US,1575507970,74,40.33,-91.2,46.4,10.29
131,amuntai,99,ID,1575507970,81,-2.42,115.25,79.43,0.74
132,khasan,0,RU,1575507970,39,42.43,130.64,3.92,22.21
133,amapa,75,HN,1575507970,88,15.09,-87.97,75.2,4.7
134,aranos,100,NA,1575507971,71,-24.14,19.11,65.97,12.21
135,teguldet,32,RU,1575507971,96,57.31,88.17,6.31,5.23
136,kavaratti,97,IN,1575507971,74,10.57,72.64,83.39,9.57
137,cayenne,90,GF,1575507845,83,4.94,-52.33,80.6,3.36
138,yumen,0,CN,1575507971,54,40.29,97.04,16.92,2.73
139,jind,97,IN,1575507971,41,29.31,76.32,55.56,1.68
140,saint anthony,1,US,1575507971,89,43.97,-111.68,32.0,4.7
141,biak,100,ID,1575507972,76,-0.91,122.88,81.48,1.79
142,palmar,40,CO,1575507972,100,6.54,-73.29,69.8,6.93
143,kruisfontein,9,ZA,1575507972,87,-34.0,24.73,51.55,6.85
144,prince rupert,90,CA,1575507972,86,54.32,-130.32,39.2,13.87
145,naze,40,NG,1575507973,88,5.43,7.07,75.2,3.67
146,saint-philippe,90,CA,1575507973,99,45.36,-73.48,33.01,4.7
147,coquimbo,0,CL,1575507973,87,-29.95,-71.34,57.2,9.17
148,sao felix do xingu,100,BR,1575507973,82,-6.64,-51.99,76.03,2.66
149,arlit,0,NE,1575507973,16,18.74,7.39,71.37,4.07
150,keffi,46,NG,1575507973,88,8.85,7.88,69.8,4.7
151,roatan,75,HN,1575507973,94,16.32,-86.54,75.2,15.79
152,pompeia,50,BR,1575507973,82,-22.11,-50.17,76.21,4.45
153,katsuura,75,JP,1575507973,61,33.93,134.5,52.0,10.29
154,adre,0,TD,1575507973,20,13.47,22.2,62.44,9.98
155,khani,90,GE,1575507973,93,41.96,42.96,39.2,3.36
156,east london,100,ZA,1575507974,56,-33.02,27.91,64.04,3.53
157,nelson bay,0,AU,1575507974,17,-32.72,152.14,86.0,14.99
158,port hardy,20,CA,1575507688,88,50.7,-127.42,35.6,4.7
159,barra patuca,0,HN,1575507974,71,15.8,-84.28,80.24,16.17
160,mapiri,100,BO,1575507974,97,-15.31,-68.22,68.29,1.5
161,sao joao da barra,77,BR,1575507974,85,-21.64,-41.05,74.37,17.38
162,larvik,74,NO,1575507975,87,59.05,10.04,46.0,19.46
163,yurgamysh,100,RU,1575507975,95,55.37,64.47,16.61,4.36
164,vangaindrano,0,MG,1575507975,92,-23.35,47.6,70.9,3.09
165,mayo,75,CA,1575507975,76,63.59,-135.9,-5.8,3.36
166,leningradskiy,100,RU,1575507975,85,69.38,178.42,18.34,16.67
167,saldanha,59,PT,1575507975,78,41.42,-6.55,39.27,4.59
168,cherskiy,75,RU,1575507975,85,68.75,161.3,-7.64,2.86
169,channel-port aux basques,100,CA,1575507975,84,47.57,-59.14,35.6,22.01
170,opuwo,83,NA,1575507975,54,-18.06,13.84,70.65,5.68
171,san patricio,16,PY,1575507975,57,-26.98,-56.83,76.08,12.93
172,isangel,75,VU,1575507975,74,-19.55,169.27,84.2,5.82
173,ilek,95,RU,1575507976,95,51.53,53.38,15.39,9.89
174,pilar,43,AR,1575507972,45,-34.46,-58.91,68.0,6.93
175,tarko-sale,99,RU,1575507976,94,64.92,77.78,7.16,11.12
176,xichang,87,CN,1575507976,94,27.88,102.25,18.95,3.98
177,kodiak,1,US,1575507976,66,39.95,-94.76,44.6,6.93
178,upernavik,91,GL,1575507976,70,72.79,-56.15,12.65,15.28
179,woodland,90,US,1575507890,100,38.68,-121.77,55.4,4.7
180,fort nelson,90,CA,1575507976,92,58.81,-122.69,8.6,3.36
181,zhuhai,0,CN,1575507976,71,40.71,112.04,5.0,6.71
182,quchan,81,IR,1575507977,81,37.11,58.51,38.35,4.63
183,killarney,0,AU,1575507977,13,-28.34,152.3,82.0,1.01
184,chiredzi,100,ZW,1575507977,87,-21.05,31.67,65.07,10.54
185,puteyets,100,RU,1575507977,94,65.17,57.09,11.52,6.82
186,nizhniy odes,100,RU,1575507977,96,63.64,54.86,12.56,4.65
187,san buenaventura,0,MX,1575507977,42,27.06,-101.55,66.42,4.38
188,miri,87,NG,1575507977,28,10.31,9.75,68.14,3.76
189,furth,75,AT,1575507977,92,48.17,15.75,30.99,23.04
190,maragogi,98,BR,1575507977,77,-9.01,-35.22,80.15,13.09
191,sorong,97,ID,1575507977,90,-0.86,131.25,82.0,1.66
192,mwingi,70,KE,1575507978,91,-0.93,38.07,64.72,4.09
193,komsomolskiy,57,RU,1575507978,83,67.55,63.78,4.77,4.25
194,longyearbyen,75,NO,1575507978,74,78.22,15.63,28.4,43.62
195,lindsay,90,CA,1575507978,95,44.36,-78.74,33.8,9.17
196,moron,17,HT,1575507978,77,18.56,-74.26,79.5,6.8
197,woodstock,90,CA,1575507978,93,43.13,-80.75,35.01,11.41
198,sisimiut,100,GL,1575507978,74,66.94,-53.67,7.5,13.35
199,ostrovnoy,100,RU,1575507979,84,68.05,39.51,17.65,11.65
200,hambantota,75,LK,1575507979,100,6.12,81.12,75.2,5.82
201,koshurnikovo,91,RU,1575507979,96,54.3,93.39,11.75,2.64
202,bubaque,4,GW,1575507979,64,11.28,-15.83,83.79,14.2
203,marienburg,20,DE,1575507979,100,52.12,9.98,33.8,2.24
204,devonport,76,AU,1575507979,68,-41.18,146.36,59.0,17.0
205,letlhakane,100,BW,1575507979,73,-21.42,25.59,65.39,14.54
206,wyszkow,37,PL,1575507980,82,52.59,21.46,37.0,9.17
207,dryden,1,CA,1575507980,78,49.79,-92.84,14.0,4.7
208,hellvik,75,NO,1575507980,75,59.92,5.78,46.4,32.21
209,amahai,75,ID,1575507980,76,-3.31,129.0,82.36,4.36
210,qingquan,0,CN,1575507981,81,34.7,106.0,23.72,0.65
211,wanning,20,AT,1575507981,86,48.64,13.53,30.2,8.05
212,kemi,90,FI,1575507981,100,65.74,24.56,35.6,11.41
213,ulladulla,0,AU,1575507981,9,-35.36,150.48,86.0,29.97
214,vila franca do campo,20,PT,1575507981,67,37.72,-25.43,57.2,6.93
215,nantucket,90,US,1575507822,80,41.28,-70.1,37.99,3.36
216,pinawa,59,CA,1575507981,94,50.15,-95.88,22.01,2.86
217,shingu,75,JP,1575507981,57,33.72,135.99,50.0,10.29
218,muros,4,ES,1575507982,93,42.77,-9.06,50.0,5.82
219,bathsheba,3,BB,1575507982,81,13.22,-59.52,80.55,20.04
220,angatuba,87,BR,1575507883,94,-23.49,-48.41,68.94,7.92
221,khatanga,0,RU,1575507982,80,71.98,102.47,-29.07,9.44
222,guarapari,90,BR,1575507982,88,-20.67,-40.5,75.2,3.36
223,saint-joseph,77,FR,1575507982,81,43.56,6.97,52.0,4.7
224,pueblo nuevo,0,AR,1575507982,28,-32.93,-68.73,68.0,4.7
225,ambilobe,84,MG,1575507982,79,-13.19,49.05,75.65,7.02
226,luohe,98,CN,1575507983,37,33.57,114.03,39.06,4.32
227,awbari,95,LY,1575507983,21,26.59,12.77,64.51,4.34
228,chunan,0,CN,1575507983,57,24.53,110.55,42.42,1.92
229,dubti,74,ET,1575507983,52,11.74,41.09,76.28,3.87
230,tiksi,100,RU,1575507983,100,71.64,128.87,-29.99,3.47
231,banda aceh,94,ID,1575507983,88,5.56,95.32,73.56,4.68
232,haines junction,100,CA,1575507984,97,60.75,-137.51,-1.41,4.38
233,batagay-alyta,100,RU,1575507984,98,67.8,130.41,-27.94,2.82
234,viedma,14,AR,1575507984,68,-40.81,-62.99,53.55,4.41
235,mount isa,41,AU,1575507984,8,-20.73,139.49,95.0,9.17
236,araouane,19,ML,1575507984,33,18.9,-3.53,66.97,6.13
237,luanda,91,AO,1575507984,82,-8.83,13.24,78.94,11.54
238,tarauaca,14,BR,1575507985,72,-8.16,-70.77,78.49,2.15
239,nueva loja,2,EC,1575507985,85,0.08,-76.88,75.42,1.25
240,hofn,31,IS,1575507985,55,64.25,-15.21,37.35,24.61
241,teguise,40,ES,1575507985,93,29.06,-13.56,62.6,9.17
242,luancheng,16,CN,1575507985,92,37.88,114.65,28.4,11.18
243,saint george,90,GR,1575507985,87,39.45,22.34,44.6,4.7
244,abong mbang,0,CM,1575507985,57,3.98,13.18,68.86,2.15
245,marsh harbour,34,BS,1575507985,61,26.54,-77.06,69.1,13.53
246,sabang,89,PH,1575507986,86,13.8,121.11,82.0,1.01
247,pacific grove,90,US,1575507751,82,36.62,-121.92,59.0,4.7
248,smyshlyayevka,100,RU,1575507986,88,53.75,47.73,23.04,11.27
249,murdochville,84,CA,1575507986,92,48.96,-65.49,16.92,2.59
250,pochutla,20,MX,1575507986,74,15.74,-96.47,80.6,2.01
251,ancud,74,CL,1575507986,76,-41.87,-73.83,53.6,10.29
252,wajir,45,KE,1575507986,55,1.75,40.07,83.52,7.87
253,namibe,15,AO,1575507987,82,-15.19,12.15,71.24,4.45
254,vila velha,40,BR,1575507987,69,-3.71,-38.6,82.4,9.17
255,sharjah,0,AE,1575507987,78,25.36,55.39,71.6,3.36
256,valentin gomez farias,5,MX,1575507987,13,24.05,-104.7,68.0,4.7
257,newport,90,GB,1575507871,86,51.59,-3.0,42.01,4.7
258,nesna,100,NO,1575507987,90,66.2,13.02,37.8,26.69
259,seoul,1,KR,1575507844,32,37.57,126.98,28.4,6.93
260,athabasca,98,CA,1575507983,96,54.72,-113.29,15.46,5.44
261,cabo san lucas,20,MX,1575507988,83,22.89,-109.91,75.0,10.29
262,broken hill,0,AU,1575507988,11,-31.97,141.45,82.4,3.36
263,nueve de julio,3,AR,1575507829,24,-31.67,-68.39,70.0,7.7
264,saint peters,1,US,1575507988,65,35.62,-89.39,50.0,6.53
265,lasa,75,CY,1575507988,68,34.92,32.53,68.0,16.11
266,brae,100,GB,1575507988,81,60.4,-1.35,46.4,38.03
267,imbituba,40,BR,1575507989,83,-28.24,-48.67,73.4,10.29
268,la paz,20,MX,1575507989,73,24.15,-110.32,71.6,4.7
269,codrington,0,AU,1575507989,12,-28.95,153.24,91.99,10.29
270,palu,100,ID,1575507989,89,-0.9,119.87,72.91,1.36
271,srednekolymsk,100,RU,1575507989,97,67.46,153.71,-13.67,10.56
272,nioro,45,GM,1575507989,23,13.79,-15.05,76.6,9.71
273,chincha alta,1,PE,1575507989,83,-13.42,-76.13,69.8,16.11
274,fukue,40,JP,1575507989,61,35.03,136.69,50.0,26.4
275,vermillion,1,US,1575507989,92,42.78,-96.93,37.4,3.33
276,petropavlovsk-kamchatskiy,40,RU,1575507990,78,53.05,158.65,12.2,4.47
277,kaohsiung,75,TW,1575507990,77,22.62,120.31,62.6,6.93
278,sao joao del rei,78,BR,1575507895,97,-21.14,-44.26,65.44,3.91
279,clyde river,90,CA,1575507990,76,70.47,-68.59,-9.4,9.17
280,oktyabrskiy,75,RU,1575507990,86,55.61,37.97,33.8,6.71
281,payakumbuh,64,ID,1575507990,98,-0.23,100.63,67.86,2.71
282,yerofey pavlovich,0,RU,1575507990,88,53.97,121.97,-20.63,4.12
283,manokwari,89,ID,1575507891,62,-0.87,134.08,80.56,3.24
284,urengoy,90,RU,1575507991,96,65.96,78.37,1.67,7.74
285,constitucion,5,MX,1575507991,13,23.99,-104.67,68.0,4.7
286,nuuk,49,GL,1575507991,67,64.17,-51.74,17.6,13.87
287,hastings,1,NZ,1575507780,56,-39.64,176.84,70.75,9.8
288,broome,0,GB,1575507991,90,52.47,1.45,36.0,6.93
289,abu zabad,0,SD,1575507991,27,12.35,29.25,67.06,13.71
290,malinyi,52,TZ,1575507992,85,-8.94,36.14,73.15,1.54
291,marystown,80,CA,1575507992,100,47.17,-55.16,41.0,3.0
292,guerrero negro,100,MX,1575507992,42,27.97,-114.04,72.09,3.44
293,staryy nadym,100,RU,1575507992,94,65.61,72.68,6.15,11.43
294,lompoc,90,US,1575507992,87,34.64,-120.46,60.8,6.93
295,pandan,100,PH,1575507993,78,11.72,122.09,80.85,4.0
296,monrovia,20,LR,1575507993,94,6.33,-10.8,78.8,8.39
297,sinop,100,TR,1575507993,66,42.03,35.15,44.55,9.28
298,ribeira grande,89,PT,1575507993,72,38.52,-28.7,58.93,2.37
299,ornskoldsvik,78,SE,1575507993,81,63.29,18.72,32.0,5.82
300,najran,20,SA,1575507994,58,17.54,44.22,55.4,1.45
301,elko,90,US,1575507854,86,40.83,-115.76,37.4,3.36
302,gardez,20,AF,1575507994,92,33.6,69.22,28.4,2.24
303,vadso,90,NO,1575507994,92,70.07,29.75,28.4,12.75
304,lumeje,100,AO,1575507994,93,-11.56,20.78,67.6,4.07
305,south lake tahoe,75,US,1575507890,98,38.93,-119.98,37.4,3.06
306,fortuna,90,US,1575507994,100,40.6,-124.16,54.0,8.05
307,itoman,75,JP,1575507995,72,26.12,127.67,62.6,11.41
308,san gabriel,90,US,1575507760,87,34.1,-118.11,62.6,5.82
309,okha,100,RU,1575507995,84,53.59,142.95,14.72,27.25
310,son la,8,VN,1575507933,77,21.32,103.9,46.38,0.92
311,sobolevo,100,RU,1575507995,95,54.43,31.9,36.16,10.38
312,pisco,1,PE,1575507995,83,-13.71,-76.2,69.8,16.11
313,timizart,31,DZ,1575507995,64,36.8,4.25,60.78,14.23
314,berdigestyakh,100,RU,1575507948,99,62.1,126.7,-21.26,3.18
315,ahipara,10,NZ,1575507995,86,-35.17,173.16,66.29,8.46
316,debre birhan,57,ET,1575507995,96,9.68,39.53,48.85,4.25
317,provost,100,CA,1575507995,91,52.35,-110.26,22.8,4.59
318,leshan,84,CN,1575507995,72,29.56,103.76,46.06,3.36
319,thompson,90,CA,1575507781,85,55.74,-97.86,14.0,6.93
320,nanortalik,100,GL,1575507996,37,60.14,-45.24,24.71,8.08
321,lebyazhye,90,RU,1575507996,93,59.96,29.42,39.99,13.42
322,norman wells,40,CA,1575507996,74,65.28,-126.83,-25.6,4.7
323,saint-francois,14,FR,1575507996,92,46.42,3.91,28.4,1.97
324,aykhal,87,RU,1575507996,57,65.95,111.51,-41.8,4.47
325,ovre ardal,100,NO,1575507997,98,61.32,7.8,25.39,11.56
326,san pedro,34,AR,1575507997,38,-33.68,-59.66,59.0,1.99
327,bethel,1,US,1575507998,84,60.79,-161.76,5.0,4.7
328,tura,73,RU,1575508000,90,64.27,100.22,-9.47,5.28
329,ostrozska nova ves,1,CZ,1575508002,86,49.0,17.44,30.0,8.05
330,stropkov,90,SK,1575508002,100,49.2,21.65,27.0,4.7
331,mahebourg,20,MU,1575508002,88,-20.41,57.7,75.0,3.36
332,pathein,75,MM,1575508003,82,16.78,94.73,71.91,9.1
333,portland,90,US,1575508003,86,43.66,-70.25,30.99,13.85
334,rio grande,85,BR,1575507853,85,-32.03,-52.1,70.18,1.36
335,merauke,53,ID,1575508003,49,-8.49,140.4,94.19,0.98
336,sorland,100,NO,1575508003,73,67.67,12.69,43.88,43.53
337,gorele,75,TR,1575508003,70,41.03,39.0,46.4,9.17
338,nikolayevka,0,RU,1575508003,68,46.73,38.57,30.61,5.82
339,lorengau,51,PG,1575508003,72,-2.02,147.27,83.57,3.71
340,pak phanang,75,TH,1575508003,100,8.35,100.2,73.4,6.53
341,ondo,95,NG,1575508003,88,7.1,4.83,75.45,0.94
342,fuerte olimpo,71,BR,1575508003,53,-21.04,-57.87,86.81,10.27
343,safranbolu,100,TR,1575507731,96,41.25,32.69,31.32,3.44
344,san juan,3,AR,1575508004,24,-31.54,-68.53,70.0,7.7
345,tessalit,26,ML,1575508004,25,20.2,1.01,66.74,8.61
346,marrakesh,75,MA,1575508004,87,31.63,-7.99,53.6,2.24
347,sola,100,TZ,1575508004,95,-3.17,33.8,64.67,2.91
348,khorramshahr,0,IR,1575508004,87,30.43,48.18,57.2,2.24
349,san ignacio,82,PE,1575508004,95,-5.15,-79.0,63.82,1.57
350,maltahohe,100,NA,1575508005,57,-24.83,16.98,63.79,7.36
351,mango,78,CF,1575508005,77,4.65,22.36,68.54,0.51
352,meulaboh,67,ID,1575508005,83,4.14,96.13,80.24,8.1
353,matagami,2,NG,1575508005,47,9.67,8.4,69.62,3.49
354,takoradi,15,GH,1575508005,85,4.89,-1.75,80.71,8.61
355,meridian,81,US,1575507957,100,43.61,-116.39,39.2,5.66
356,saint-augustin,90,CA,1575508005,99,45.63,-73.98,33.01,4.7
357,rocha,83,UY,1575507926,86,-34.48,-54.34,58.32,4.16
358,eregli,100,TR,1575508006,93,37.51,34.05,36.9,8.84
359,adrar,0,DZ,1575508006,40,27.87,-0.29,53.6,9.17
360,urucui,66,BR,1575508006,78,-7.23,-44.56,75.72,1.39
361,hamilton,90,CA,1575508006,90,43.26,-79.87,37.4,10.29
362,ambon,90,FR,1575508006,84,47.55,-2.56,35.01,8.05
363,petauke,39,ZM,1575508006,75,-14.25,31.33,68.86,9.28
364,moree,0,AU,1575508006,11,-29.46,149.84,86.0,14.99
365,manavalakurichi,75,IN,1575508007,94,8.13,77.3,78.8,31.94
366,chapais,90,CA,1575508007,92,49.78,-74.86,23.0,3.36
367,dwarka,20,IN,1575508007,87,28.58,77.04,66.99,1.12
368,kendari,100,ID,1575508007,73,-3.99,122.52,83.82,3.94
369,shelburne,90,CA,1575508007,89,44.08,-80.2,35.01,3.36
370,marawi,97,PH,1575508007,73,8.0,124.29,84.0,4.0
371,columbus,1,US,1575507868,50,32.46,-84.99,53.6,3.36
372,staszow,0,PL,1575508007,75,50.56,21.17,28.99,4.0
373,domna,10,RU,1575508008,67,51.9,113.16,-27.4,2.24
374,ibaiti,74,BR,1575508008,99,-23.85,-50.19,71.01,4.0
375,marzuq,3,YE,1575508008,43,14.4,46.47,54.45,2.17
376,nikolskoye,90,RU,1575508008,93,59.7,30.79,39.99,13.42
377,tupancireta,80,BR,1575508008,63,-29.08,-53.84,71.02,14.38
378,hirara,75,JP,1575508008,88,24.8,125.28,64.4,19.46
379,caravelas,100,BR,1575508009,98,-17.73,-39.27,73.0,3.98
380,pitimbu,83,BR,1575508009,83,-7.47,-34.81,77.0,3.36
381,baraboo,1,US,1575508009,74,43.47,-89.74,35.6,12.15
382,chipinge,93,ZW,1575508009,90,-20.19,32.62,63.46,7.27
383,owensboro,1,US,1575508009,70,37.77,-87.11,46.4,4.7
384,perisani,0,RO,1575508010,92,45.38,24.4,21.2,2.24
385,acas,87,PE,1575508010,83,-10.46,-77.33,59.32,1.95
386,atar,0,MR,1575508010,40,20.52,-13.05,61.47,6.46
387,cabedelo,85,BR,1575508013,83,-6.97,-34.84,77.0,3.36
388,ahuimanu,75,US,1575508014,65,21.44,-157.84,82.4,9.17
389,awjilah,100,LY,1575508014,46,29.14,21.3,60.91,7.02
390,mount gambier,90,AU,1575508014,82,-37.83,140.78,59.0,16.11
391,mingshui,0,CN,1575508014,47,22.81,109.89,48.69,5.44
392,saint-denis,90,FR,1575508014,100,48.94,2.36,32.0,2.24
393,bonthe,2,SL,1575508014,82,7.53,-12.5,79.7,6.71
394,manaus,40,BR,1575508014,70,-3.13,-59.98,86.0,8.05
395,alofi,40,NU,1575508014,74,-19.06,-169.92,82.4,6.93
396,beaupre,90,CA,1575508014,73,47.04,-70.9,27.0,3.36
397,hay river,40,CA,1575508015,76,60.82,-115.79,-4.0,4.7
398,wanlaweyn,35,SO,1575508015,86,2.62,44.89,76.42,4.38
399,forio,100,IT,1575508015,61,40.73,13.86,55.4,8.05
400,redmond,90,US,1575507931,93,47.67,-122.12,48.2,9.17
401,pailitas,57,CO,1575508015,97,8.96,-73.63,70.92,2.33
402,maceio,40,BR,1575508015,88,-9.67,-35.74,75.2,4.7
403,avera,1,US,1575508016,35,33.19,-82.53,55.4,6.93
404,saskylakh,7,RU,1575508016,98,71.97,114.09,-39.84,3.44
405,prieska,48,ZA,1575508016,30,-29.67,22.74,59.59,15.5
406,zolotkovo,99,RU,1575508016,95,55.53,41.1,27.81,8.72
407,kirishi,95,RU,1575508016,93,59.45,32.01,37.06,8.79
408,vestmannaeyjar,100,IS,1575508016,59,63.44,-20.27,40.1,39.55
409,ylivieska,80,FI,1575508016,95,64.07,24.53,37.0,3.0
410,kununurra,100,AU,1575508016,44,-15.77,128.74,95.0,4.7
411,tondano,20,ID,1575508016,70,1.3,124.91,84.2,2.24
412,geraldton,90,CA,1575508017,78,49.72,-86.95,14.0,9.17
413,los llanos de aridane,75,ES,1575508017,77,28.66,-17.92,64.4,23.04
414,horconcitos,17,PA,1575508017,87,8.47,-81.8,70.45,5.46
415,clemencia,40,CO,1575508017,88,10.57,-75.33,82.4,9.17
416,birjand,0,IR,1575508017,56,32.86,59.22,41.0,9.17
417,camacha,40,PT,1575508017,67,33.08,-16.33,62.6,25.28
418,huanren,0,CN,1575508017,78,41.26,125.37,-15.03,3.06
419,shenjiamen,55,CN,1575508017,60,29.96,122.3,55.94,15.73
420,poum,0,MK,1575508017,87,41.28,20.71,25.2,6.11
421,rundu,85,NA,1575508017,88,-17.91,19.77,71.6,1.12
422,eyl,100,SO,1575508017,66,7.98,49.82,79.86,16.55
423,gewane,93,ET,1575508018,47,10.16,40.66,78.96,1.07
424,amparafaravola,9,MG,1575508018,93,-17.68,48.22,63.1,3.02
425,tyukhtet,0,RU,1575508018,95,56.54,89.31,9.25,6.89
426,barda,100,RU,1575508019,95,56.93,55.59,10.94,4.97
427,niksar,100,TR,1575508019,96,40.59,36.95,33.33,5.46
428,kaspiyskiy,0,RU,1575508019,76,45.39,47.37,28.17,9.86
429,piacabucu,61,BR,1575508019,82,-10.41,-36.43,77.97,8.21
430,ujiie,20,JP,1575508019,56,36.68,139.97,46.4,4.7
431,qaqortoq,100,GL,1575508020,33,60.72,-46.03,15.8,5.82
432,trinidad,66,BO,1575507781,87,-14.83,-64.9,76.46,3.38
433,newton,88,US,1575508020,93,42.34,-71.21,36.0,9.17
434,sangar,100,RU,1575508020,94,63.92,127.47,-32.71,11.07
435,bontang,100,ID,1575508020,86,0.12,117.47,78.22,6.73
436,puerto carreno,5,CO,1575508020,70,6.19,-67.49,84.2,6.93
437,cap malheureux,20,MU,1575508021,88,-19.98,57.61,75.0,3.36
438,sao miguel do araguaia,99,BR,1575508021,90,-13.28,-50.16,75.29,3.6
439,rio gallegos,40,AR,1575508021,35,-51.62,-69.22,57.2,31.09
440,iqaluit,75,CA,1575508021,72,63.75,-68.52,14.0,9.17
441,mandal,12,MN,1575508021,72,48.82,106.5,3.97,3.58
442,zhigansk,100,RU,1575508021,95,66.77,123.37,-29.52,4.74
443,guangyuan,69,CN,1575508021,65,32.43,105.86,42.01,1.97
444,pachino,89,IT,1575507814,67,36.72,15.09,60.01,6.93
445,sinnamary,53,GF,1575508022,80,5.38,-52.96,80.69,16.15
446,bull savanna,21,JM,1575508022,93,17.89,-77.59,70.77,2.48
447,norwich,0,GB,1575508022,90,52.63,1.29,35.01,6.93
448,anadyr,40,RU,1575508022,78,64.73,177.51,15.8,29.08
449,kirkwall,97,GB,1575508022,81,58.98,-2.96,46.0,21.92
450,hosur,75,IN,1575508022,100,12.73,77.83,66.2,6.93
451,wamba,50,CD,1575508022,97,2.14,27.99,66.45,1.81
452,sambava,93,MG,1575508022,97,-14.27,50.17,69.39,2.86
453,mehamn,100,NO,1575508022,92,71.03,27.85,34.36,15.1
454,dobson,18,NZ,1575508023,58,-42.45,171.31,61.12,11.01
455,arman,100,RU,1575508023,68,59.7,150.17,8.44,22.39
456,suntar,100,RU,1575508023,98,62.16,117.65,-3.19,3.83
457,yichang,100,CN,1575508023,50,30.77,111.32,45.16,3.18
458,huilong,100,CN,1575508023,83,31.15,106.5,46.49,0.83
459,iraquara,47,BR,1575508023,58,-12.24,-41.62,71.82,5.53
460,mollendo,79,PE,1575508023,83,-17.03,-72.02,62.82,4.68
461,namatanai,32,PG,1575508024,69,-3.66,152.44,84.49,2.75
462,parabel,100,RU,1575508024,95,58.71,81.5,9.86,7.83
463,lexington,1,US,1575507781,52,38.05,-84.5,48.2,13.87
464,alugan,68,PH,1575508024,81,12.22,125.48,82.35,4.0
465,boende,93,CD,1575508024,92,-0.28,20.88,70.56,2.33
466,sur,66,OM,1575508024,67,22.57,59.53,70.41,8.95
467,taman,40,RU,1575508024,100,45.22,36.72,26.6,2.24
468,xunchang,100,CN,1575508024,79,28.45,104.71,44.8,3.13
469,synya,100,RU,1575508024,93,65.37,58.04,12.11,5.66
470,pangnirtung,52,CA,1575508024,82,66.15,-65.72,-6.48,5.32
471,santa marinella,100,IT,1575508024,70,42.04,11.87,46.99,8.05
472,kralendijk,40,BQ,1575508024,78,12.15,-68.27,82.4,17.22
473,kerema,60,PG,1575508025,54,-7.96,145.78,89.85,5.37
474,sarkand,86,KZ,1575508025,46,45.41,79.91,38.75,2.89
475,zaragoza,61,SV,1575508025,83,13.59,-89.29,78.8,8.05
476,havelock,1,US,1575508025,68,34.88,-76.9,51.8,9.17
477,muroto,75,JP,1575508025,75,33.37,134.14,42.8,4.7
478,teahupoo,20,PF,1575508025,62,-17.83,-149.27,87.8,11.41
479,sendafa,45,ET,1575508026,95,9.16,39.02,49.87,1.61
480,tepalcingo,40,MX,1575508026,56,18.6,-98.85,75.0,0.67
481,kutum,0,SD,1575508026,26,14.2,24.66,58.19,4.97
482,sernur,98,RU,1575508026,95,56.93,49.15,19.9,8.5
483,ranong,40,TH,1575508026,69,9.96,98.62,78.8,8.05
484,oyama,20,JP,1575508026,56,36.31,139.8,51.01,4.7
485,kapit,98,MY,1575508026,97,2.02,112.94,74.5,1.23
486,lucapa,100,AO,1575508026,99,-8.42,20.74,66.61,2.53
487,pevek,0,RU,1575508026,86,69.7,170.27,-2.16,2.37
488,porto novo,40,BR,1575508027,83,-23.68,-45.44,71.6,1.12
489,mayya,75,RU,1575508027,65,61.74,130.28,-36.4,4.47
490,puri,72,ID,1575508027,69,-7.54,112.45,81.77,2.51
491,pombas,90,BR,1575508027,79,-15.9,-54.74,75.65,2.77
492,kudahuvadhoo,100,MV,1575508027,80,2.67,72.89,81.68,14.63
493,ofunato,90,JP,1575508027,92,39.11,141.75,30.2,9.17
494,jesus maria,65,CL,1575508027,38,-20.49,-69.32,63.86,4.5
495,hachinohe,40,JP,1575508027,92,40.47,141.48,28.4,17.22
496,bisira,43,PA,1575508027,93,8.52,-81.71,66.7,7.9
497,marfino,90,RU,1575508028,100,56.07,37.56,33.8,11.18
498,kawalu,99,ID,1575508028,86,-7.38,108.21,73.47,1.45
499,trincomalee,97,LK,1575508028,97,8.58,81.23,73.76,2.68
500,copiapo,40,CL,1575508028,72,-27.37,-70.33,60.8,3.36
501,lakes entrance,0,AU,1575508028,68,-37.88,147.99,59.97,10.74
502,waingapu,93,ID,1575508028,74,-9.65,120.26,84.92,9.44
503,grand gaube,20,MU,1575508028,88,-20.01,57.66,75.0,3.36
504,houma,48,CN,1575508028,42,35.63,111.36,30.63,1.97
505,carbondale,1,US,1575508029,75,38.82,-95.69,46.4,4.7
506,halifax,40,CA,1575507821,92,44.65,-63.58,33.01,8.05
507,bella union,58,CO,1575508029,95,8.5,-73.35,68.45,3.44
508,samarai,62,PG,1575508029,73,-10.62,150.67,82.76,6.38
509,nizwa,0,OM,1575508029,67,22.93,57.53,60.73,3.91
510,baykit,50,RU,1575508029,97,61.68,96.39,-6.66,2.42
511,campoverde,75,EC,1575508029,76,-0.91,-78.62,53.6,4.7
512,san cristobal,96,HN,1575508030,82,14.68,-86.92,66.76,2.26
513,bagepalli,75,IN,1575508030,100,13.78,77.8,64.4,9.17
514,derzhavinsk,100,KZ,1575508030,94,51.1,66.31,27.43,11.54
515,te anau,100,NZ,1575508030,84,-45.41,167.72,45.7,7.87
516,benavente,43,ES,1575508030,80,42.0,-5.67,35.6,4.7
517,richards bay,100,ZA,1575508031,65,-28.77,32.06,69.33,15.7
518,sitka,80,US,1575508031,52,37.17,-99.65,50.0,11.77
519,iranshahr,0,IR,1575508031,47,27.21,60.69,57.2,9.17
520,comodoro rivadavia,84,AR,1575508031,46,-45.87,-67.48,69.8,6.93
521,luau,100,CD,1575508031,97,-10.7,22.23,65.3,3.51
522,belaya gora,100,RU,1575508035,98,68.54,146.19,-21.57,3.87
523,kiunga,10,PG,1575508035,65,-6.12,141.3,87.96,1.12
524,russell,1,US,1575507976,44,38.9,-98.86,48.2,8.05
525,qasigiannguit,17,GL,1575508035,72,68.82,-51.19,10.4,18.34
526,anqing,0,CN,1575508035,49,30.51,117.04,44.89,5.41
527,leshukonskoye,85,RU,1575508035,98,64.9,45.76,7.65,3.42
528,muli,100,CN,1575508035,74,28.08,109.56,46.02,2.53
529,genhe,0,CN,1575508035,96,50.78,121.52,-23.69,3.31
530,gizo,40,IL,1575508035,77,31.8,34.94,59.0,4.7
531,coahuayana,0,MX,1575508035,58,18.62,-100.35,77.83,0.29
532,nyurba,100,RU,1575508036,94,63.29,118.35,-18.13,5.61
533,ciudad ojeda,18,VE,1575508036,72,10.22,-71.33,86.18,17.72
534,kirakira,97,SB,1575508036,70,-10.46,161.92,84.87,9.57
535,kasempa,80,ZM,1575508036,92,-13.46,25.83,62.76,1.99
536,ovalle,0,CL,1575508036,54,-30.6,-71.2,55.9,2.86
537,sungaipenuh,96,ID,1575508036,97,-2.08,101.38,64.02,2.28
538,briancon,41,FR,1575508036,83,44.9,6.65,35.01,5.01
539,karasburg,53,NA,1575508036,13,-28.01,18.75,65.3,6.64
540,zabaykalsk,0,CN,1575508036,80,49.64,117.33,-17.12,6.6
541,dongning,7,CN,1575508037,67,44.06,131.12,-0.87,9.6
542,niltepec,17,MX,1575508037,57,16.57,-94.62,79.65,4.92
543,potosi,59,BO,1575508037,76,-19.59,-65.75,52.7,9.66
544,pokhara,9,NP,1575508037,75,28.21,83.99,50.11,2.08
545,luderitz,0,NA,1575508038,72,-26.65,15.16,62.6,3.36
546,westport,75,US,1575508039,74,41.14,-73.36,39.99,5.82
547,dubbo,0,AU,1575508039,19,-32.25,148.6,84.2,11.41
548,afyonkarahisar,99,TR,1575508039,91,38.76,30.53,33.94,7.31
549,pahrump,90,US,1575507978,93,36.21,-115.98,48.99,6.2
550,waipawa,18,NZ,1575508039,56,-39.94,176.59,71.01,8.01
551,pingliang,66,CN,1575508039,48,35.54,106.68,23.43,2.39
552,sarai,0,IN,1575508039,100,25.78,85.28,50.0,4.05
553,haselunne,0,DE,1575508039,100,52.67,7.48,33.01,1.12
